{
  "device": "cpu",
  "is_half": false,
  "text": "\u4f60\u597d\uff0c\u6211\u662f\u95f2\u804a\u82b1\u82b1\u3002\u4eca\u5929\u4e5f\u4e00\u8d77\u5f00\u5fc3\u5730\u5192\u9669\u5427\u3002",
  "runs": [
    {
      "run": 1,
      "elapsed_seconds": 5.499859200000174,
      "audio_seconds": 5.0,
      "rtf": 1.0999718400000347
    },
    {
      "run": 2,
      "elapsed_seconds": 6.029853099999855,
      "audio_seconds": 5.0,
      "rtf": 1.205970619999971
    },
    {
      "run": 3,
      "elapsed_seconds": 6.407682100000784,
      "audio_seconds": 5.0,
      "rtf": 1.2815364200001569
    }
  ],
  "average_elapsed_seconds": 5.979131466666938,
  "average_audio_seconds": 5.0,
  "average_rtf": 1.1958262933333876,
  "torch": "2.10.0+cu128",
  "cuda_available": true,
  "cuda_device": "NVIDIA GeForce RTX 4070"
}
