{
  "device": "cuda",
  "is_half": false,
  "text": "\u4f60\u597d\uff0c\u6211\u662f\u95f2\u804a\u82b1\u82b1\u3002\u4eca\u5929\u4e5f\u4e00\u8d77\u5f00\u5fc3\u5730\u5192\u9669\u5427\u3002",
  "runs": [
    {
      "run": 1,
      "elapsed_seconds": 2.7472249000002193,
      "audio_seconds": 5.12,
      "rtf": 0.5365673632812928
    },
    {
      "run": 2,
      "elapsed_seconds": 2.7061555999998745,
      "audio_seconds": 5.12,
      "rtf": 0.5285460156249755
    },
    {
      "run": 3,
      "elapsed_seconds": 2.6969915999998193,
      "audio_seconds": 5.12,
      "rtf": 0.5267561718749647
    }
  ],
  "average_elapsed_seconds": 2.716790699999971,
  "average_audio_seconds": 5.12,
  "average_rtf": 0.5306231835937443,
  "torch": "2.10.0+cu128",
  "cuda_available": true,
  "cuda_device": "NVIDIA GeForce RTX 4070"
}
